badge,clean address,clean up,conf dt,ent due,ent ovp,entity,fine,hold ct,iss dt,iss time,last seiz,lat,location,long,meter,multno,nix dt,seiz dt,seiz stat,termdt,ticket,viol
16,,meter,2015014,$0.00,$0.00,3287846,$25.00,0,2013100,1008,2014023,39.956364,CIVIC CENTER DR,-83.003136,SG127,0,0,2014024,,0,5561472876,29
20,,meter,2013156,$20.00,$0.00,3167190,$45.00,1,2013063,2110,0,39.975464,HIGH ST N,-83.003105,K518,0,0,0,,0,5561390092,72
19,,meter,2017249,$0.00,$0.00,3650211,$25.00,0,2013229,2152,0,39.973736,GOODALE ST W,-83.00629,K38,0,0,0,,0,5562074670,29
18,,meter,2017242,$0.00,$0.00,3271397,$25.00,0,2013276,1554,2016196,39.95664,CIVIC CENTER DR,-83.00324,SG121,0,0,2016196,,0,5562256703,29
16,,meter,0,$0.00,$0.00,3279922,$25.00,0,2013024,901,0,39.952576,LIVINGSTON AVE E,-82.99828,B29,0,0,0,,0,5561105542,29
13,,meter,0,$0.00,$0.00,2981050,$25.00,0,2013012,2049,0,39.986282,GREENWOOD LOT,-83.00556,F32,0,0,0,,0,5561186834,29
12,,meter,2017256,$0.00,$0.00,3296216,$25.00,0,2013309,1227,0,39.96333,YOUNG ST N,-82.99552,NP9,0,0,0,,0,5562332421,29
15,,meter,2016034,$0.00,$0.00,3322438,$25.00,0,2013217,1429,0,39.96004,STATE ST W,-83.00176,WK58,0,0,0,,0,5561971335,29
19,,meter,2014001,$60.00,$0.00,3131269,$25.00,0,2013346,2152,0,39.9765,HIGH ST N,-83.003296,K574,0,0,0,,0,5562577406,29
19,,meter,2013359,$0.00,$0.00,3175676,$45.00,0,2013338,2036,0,39.97502,PARK ST,-83.00464,K332,0,0,0,,0,5562519671,72
19,,meter,2017263,$0.00,$0.00,3095414,$25.00,0,2013249,2127,0,39.97827,HIGH ST N,-83.00389,K631,0,0,0,,0,5562117856,29
19,,meter,0,$0.00,$0.00,3282104,$50.00,0,2013033,1811,2013102,39.977406,HIGH ST N,-83.00369,K603,0,0,2013104,,0,5561296583,13
13,,meter,2016258,$150.00,$0.00,3236432,$25.00,0,2013351,1920,0,39.97322,PARK ST,-83.00465,NI667,0,0,0,,0,5562573490,29
17,,meter,2016069,$0.00,$0.00,3321096,$25.00,0,2013211,1918,2017290,39.97791,WARREN ST,-83.00334,K193,0,0,2017290,,0,5561995113,29
19,,meter,2017263,$0.00,$0.00,3308349,$25.00,0,2013329,1741,0,40.000774,16TH AVE E,-83.007744,UE377,0,0,0,,0,5562231282,29
1399,,meter,2013345,$0.00,$0.00,3155706,$50.00,0,2013305,123,0,39.97308,IFO 533 PARK ST,-83.004654,NI663,0,0,0,,0,5595287603,13
16,,meter,2014239,$180.00,$0.00,3347041,$25.00,0,2013311,1015,0,39.955296,PEARL ST S,-82.99834,SL556,0,2013351,0,,0,5562318653,29
2,,meter,0,$15.00,$0.00,3347105,$25.00,0,2013311,1415,0,39.958084,SOUDER AVE S,-83.02276,M133,0,0,0,,0,5562356431,29
2,,meter,2014120,$120.00,$0.00,3356956,$25.00,0,2013354,1021,0,39.95929,FRONT ST S,-83.00198,SI75,0,0,0,,0,5562450802,29
17,,meter,2013149,$160.00,$0.00,3303962,$45.00,0,2013127,1603,0,39.972446,SPRUCE ST,-83.00571,WBB159,0,0,0,,0,5561661622,72
18,,meter,2013361,$200.00,$0.00,3341855,$25.00,0,2013326,1659,0,39.9514,FRONT ST S,-83.00045,B521,0,2013323,0,,0,5562477262,29
17,,meter,2015126,$65.00,$0.00,3278400,$25.00,1,2013017,2148,0,39.952377,FRONT ST S,-83.00045,B504,0,0,0,,0,5561174116,29
10,,meter,2014189,$220.00,$0.00,3306001,$45.00,0,2013333,1214,0,39.994137,TENTH AVE W,-83.0072,UW50,0,0,0,,0,5562509425,72
7,,meter,0,$0.00,$0.00,3340589,$25.00,0,2013285,1328,0,39.95849,TOWN ST W,-83.00211,WI105,0,0,0,,0,5562275242,29
17,,meter,2017263,$0.00,$0.00,3308349,$25.00,0,2013149,1908,0,40.00309,EIGHTEENTH AVE E,-83.0081,UE461,0,0,0,,0,5561753381,29
19,,meter,2013114,$0.00,$0.00,3072471,$25.00,0,2013095,2001,2017312,39.976772,BUTTLES LOT,-83.003845,V21,0,0,2017312,,0,5561551405,29
18,,meter,2017298,$85.00,$0.00,3347999,$25.00,1,2013316,2033,2017032,39.952312,FRONT ST S,-83.00044,B506,0,0,2017032,,0,5562428306,29
19,,meter,2017284,$0.00,$0.00,2804009,$25.00,0,2013226,2132,2017308,39.950905,FRONT ST S,-83.00035,B555,0,2014149,2017308,,0,5561959730,29
9,,meter,2018094,$0.00,$0.00,3335988,$25.00,0,2013249,817,0,39.976147,PEARL ST N,-83.00258,K1159,0,0,0,,0,5562088084,29
9,,meter,2017319,$235.00,$0.00,3354034,$25.00,3,2013360,815,0,39.975132,PEARL STREET LOT,-83.00203,P8,0,0,0,,0,5562467661,29
20,,meter,2017270,$0.00,$0.00,3352280,$25.00,0,2013333,1705,2014101,39.972805,SWAN ST W,-83.00424,WCC57,0,0,2014105,,0,5562495591,29
7,,meter,2013142,$80.00,$0.00,3303074,$45.00,0,2013123,1120,0,39.95929,TOWN ST E,-82.9966,EI122,0,0,0,,0,5561641042,72
17,,meter,2017284,$90.00,$0.00,3283583,$45.00,1,2013108,1811,0,39.979073,HUBBARD AVE E,-83.00269,K255,0,2018061,0,,0,5561570165,72
19,,meter,2016188,$0.00,$0.00,3351224,$45.00,0,2013326,2154,0,39.97437,POPLAR AVE W,-83.004326,K167,0,0,0,,0,5562231050,72
15,,meter,2017270,$0.00,$0.00,3308278,$25.00,0,2013148,1113,0,39.96371,GAY ST E,-82.99938,EP41,0,0,0,,0,5561671691,29
14,,meter,2013205,$0.00,$0.00,3130251,$25.00,0,2013137,1247,2017261,39.96045,STATE ST E,-82.99695,EK109,0,2012082,2017261,,0,5561646115,29
19,,meter,2018003,$0.00,$0.00,3292392,$25.00,0,2013078,1800,0,40.003082,EIGHTEENTH AVE E,-83.00797,UE467,0,0,0,,0,5561486493,29
16,,meter,2015084,$60.00,$0.00,3335576,$25.00,0,2013266,1440,0,39.954807,MOUND ST E,-82.99843,EC13,0,2015071,0,,0,5562157594,29
9,,meter,0,$0.00,$0.00,3347156,$25.00,0,2013311,1349,0,39.963745,GAY ST E,-83.00037,EP10,0,0,0,,0,5562368040,29
6,,meter,2014189,$220.00,$0.00,3306001,$25.00,0,2013136,1151,0,39.99495,HIGH ST N,-83.007195,UW611,0,0,0,,0,5561650120,29
8,,meter,2017270,$210.00,$0.00,3097892,$25.00,3,2013317,1223,0,39.955696,FRONT ST S,-83.0013,SI503,0,0,0,,0,5562396106,29
7,,meter,2017263,$0.00,$0.00,3329706,$45.00,0,2013296,1116,0,39.972248,SPRUCE ST,-83.003815,WBB59,0,0,0,,0,5562313613,72
5,,meter,2013361,$200.00,$0.00,3341855,$45.00,0,2013339,2034,0,39.97877,KERR ST,-83.00187,K281,0,2013323,0,,0,5562488333,72
7,,meter,2014029,$0.00,$0.00,3194883,$25.00,0,2013102,1242,2017323,39.978752,HUBBARD AVE W,-83.00455,K236,0,0,2017320,,0,5561522171,29
10,,meter,0,$0.00,$0.00,3313367,$20.00,0,2013173,1435,2017293,39.98581,4TH AVE E,-83.00471,K957,0,0,2017293,,0,5561843062,20
19,,meter,2014273,$80.00,$0.00,3301824,$45.00,0,2013117,2020,0,39.97446,POPLAR AVE W,-83.00349,K153,0,0,0,,0,5561654880,72
13,,meter,2017326,$0.00,$0.00,3281662,$25.00,0,2013032,1756,0,39.976624,BUTTLES LOT,-83.00368,V3,0,2014084,0,,0,5561269736,29
16,,meter,2013219,$0.00,$0.00,3207670,$45.00,0,2013197,1248,2012109,39.961006,STATE ST E,-82.993385,EK304,0,0,2012110,,0,5561867503,72
19,,meter,2017221,$0.00,$0.00,3194097,$25.00,0,2013354,1557,0,39.995235,ELEVENTH AVE W,-83.00752,UW97,0,0,0,,0,5562601604,29
16,,meter,2015042,$65.00,$0.00,3320818,$25.00,1,2013210,1342,0,39.963703,GAY ST E,-82.99947,EP37,0,0,0,,0,5561938133,29
17,,meter,2017256,$450.00,$0.00,3276598,$25.00,5,2013010,1952,0,39.978996,KERR ST,-83.00192,K287,0,0,0,,0,5561131560,29
9,,meter,2017235,$0.00,$0.00,3114913,$25.00,0,2013248,1330,0,39.976593,BUTTLES LOT,-83.004005,V13,0,0,0,,0,5562023975,29
16,,meter,2017207,$400.00,$0.00,3299643,$25.00,4,2013108,1319,0,39.97073,GRANT AVE N,-82.99202,NT607,0,0,0,,0,5561474431,29
9,,meter,2017242,$0.00,$0.00,3271397,$25.00,0,2013023,1306,2016196,39.95804,WALNUT ST,-83.000435,WH5,0,0,2016196,,0,5561115574,29
7,,meter,2017214,$165.00,$0.00,3317035,$45.00,1,2013190,1321,0,39.95378,FULTON ST E,-82.99689,EA24,0,0,0,,0,5561916256,72
19,,meter,2017270,$0.00,$0.00,3293985,$45.00,0,2013095,1526,0,39.96388,GAY ST E,-82.99917,EP44,0,0,0,,0,5561550764,72
18,,meter,0,$0.00,$0.00,2729186,$45.00,0,2013302,1758,0,39.96995,GRANT AVE N,-82.99207,NT525,0,0,0,,0,5562351273,72
8,,meter,2016027,$0.00,$0.00,3303721,$25.00,0,2013126,1232,0,39.952568,LIVINGSTON AVE E,-82.99836,B27,0,0,0,,0,5561612526,29
12,,meter,0,$0.00,$0.00,3278065,$25.00,0,2013060,1125,0,39.96383,WALL ST N,-83.00182,NJ106,0,0,0,,0,5561222626,29
2,,meter,2013254,$0.00,$0.00,3309029,$25.00,0,2013175,1125,2013183,39.955296,PEARL ST S,-82.99834,SL556,0,0,2013204,,0,5561750452,29
16,,meter,2013254,$0.00,$0.00,3309029,$25.00,0,2013231,1438,2013183,39.955635,NOBLE ST E,-82.997574,ED115,0,0,2013204,,0,5562002323,29
15,,meter,2017032,$155.00,$0.00,3319242,$25.00,2,2013200,1358,0,39.982494,2ND STREET LOT,-83.00488,S23,0,2015118,0,,0,5561923746,29
8,,meter,2017352,$85.00,$0.00,3336603,$50.00,0,2013269,838,0,39.95524,HIGH ST S,-82.99919,SK204,0,2017349,0,,0,5562095165,14
16,,meter,2015154,$150.00,$0.00,3285976,$25.00,2,2013051,1249,2014100,39.972446,SPRUCE ST,-83.00571,WBB159,0,0,2014106,,0,5561225441,29
20,,meter,2016188,$0.00,$0.00,3342819,$25.00,0,2013295,1628,2014282,40.002094,17TH AVE E,-83.00661,UE420,0,0,2014284,,0,5562330236,29
7,,meter,2017305,$240.00,$0.00,2647000,$25.00,1,2013089,1004,0,39.96136,6TH ST S,-82.99241,SS109,0,0,0,,0,5561470430,29
13,,meter,2017109,$50.00,$0.00,2914633,$25.00,0,2013317,1834,0,39.951107,HOSTER ST E,-82.99799,B163,0,0,0,,0,5562425613,29
18,,meter,0,$0.00,$0.00,3340589,$25.00,0,2013312,2011,0,39.963585,GAY ST E,-83.00049,EP3,0,0,0,,0,5562428074,29
14,,meter,2017277,$315.00,$0.00,3314358,$50.00,4,2013361,1507,0,39.96205,BROAD ST W,-83.00119,WN9,0,0,0,,0,5562463052,14
16,,meter,2017228,$0.00,$0.00,3645622,$500.00,0,2013263,1111,0,39.953346,FULTON ST W,-82.999306,WA5,0,0,0,,0,5562157012,49
17,,meter,2005195,$0.00,$0.00,2477708,$25.00,0,2013126,2136,0,39.97447,HIGH ST N,-83.00291,K494,0,0,0,,0,5561661471,29
20,,meter,0,$0.00,$0.00,3345326,$50.00,0,2013304,2013,0,39.97282,PARK ST,-83.00467,NI657,0,0,0,,0,5562383473,13
17,,meter,2017354,$65.00,$0.00,3308686,$25.00,1,2013150,2135,0,39.972412,SPRUCE ST W,-83.004845,WBB103,0,2017353,0,,0,5561754022,29
5,,meter,2017256,$450.00,$0.00,3276598,$25.00,5,2013128,2140,0,39.979115,HUBBARD AVE E,-83.002304,K265,0,0,0,,0,5561630796,29
9,,meter,2016293,$0.00,$0.00,3289534,$25.00,0,2013065,1136,0,39.953323,FULTON ST W,-82.99952,WA17,0,0,0,,0,5561285350,29
16,,meter,0,$0.00,$0.00,3300787,$25.00,0,2013113,1414,0,39.96136,6TH ST S,-82.99241,SS109,0,0,0,,0,5561475315,29
19,,meter,2013163,$0.00,$0.00,3307530,$50.00,0,2013143,1612,0,39.96852,NATIONWIDE BL W,-83.00523,WX123,0,0,0,,0,5561764673,14
19,,meter,0,$0.00,$0.00,3331927,$25.00,0,2013318,2050,2013253,40.00309,EIGHTEENTH AVE E,-83.00803,UE465,0,0,2013254,,0,5562468674,29
20,,meter,2016055,$330.00,$0.00,3184059,$45.00,2,2013039,1840,0,39.981274,HIGH ST N,-83.004486,K755,0,0,0,,0,5561275981,72
8,,meter,2017130,$180.00,$0.00,3356172,$25.00,6,2013352,1031,0,39.965206,FRONT ST N,-83.00292,NI208,0,0,0,,0,5562497492,29
14,,meter,2017333,$0.00,$0.00,3357089,$45.00,0,2013355,1257,0,39.961178,GAY ST E,-82.998795,EP309,0,0,0,,0,5562462444,72
9,,meter,2017235,$0.00,$0.00,3245862,$25.00,0,2013249,1442,0,39.976795,PARK ST,-83.005165,K415,0,0,0,,0,5562088460,29
10,,meter,2017305,$0.00,$0.00,3331608,$25.00,0,2013250,1157,0,40.002014,17TH AVE E,-83.00723,UE404,0,0,0,,0,5562144891,29
15,,meter,2017109,$0.00,$0.00,3336577,$25.00,0,2013269,826,2017214,39.960182,TOWN ST E,-82.98739,EI541,0,0,2017214,,0,5562154260,29
18,,meter,2014202,$0.00,$0.00,3354838,$50.00,0,2013346,1649,2014192,39.95448,MOUND ST W,-83.001465,WC109,100000001,0,2014193,,0,5562548721,14
19,,meter,2013289,$0.00,$0.00,3336858,$25.00,0,2013270,2123,0,39.98015,1ST AVE W,-83.0047,K736,0,0,0,,0,5562262583,29
19,,meter,2017277,$0.00,$0.00,3346756,$25.00,0,2013310,2035,0,39.975494,RUSSELL ST W,-83.00407,K214,0,0,0,,0,5562433501,29
7,,meter,2017088,$0.00,$0.00,3268140,$45.00,0,2013114,1008,0,39.96924,NATIONWIDE BLVD E,-82.999374,EX32,0,0,0,,0,5561585672,72
6,,meter,2017186,$0.00,$0.00,3205540,$25.00,0,2013169,1456,2017257,39.995342,HIGH ST N,-83.00701,UE628,0,0,2017257,,0,5561789560,29
18,,meter,2013345,$0.00,$0.00,3155706,$25.00,0,2013320,1826,0,39.99534,11TH AVE W,-83.00776,UW104,0,0,0,,0,5562430550,29
16,,meter,2017326,$0.00,$0.00,3317790,$45.00,0,2013193,1331,2018056,39.97823,HIGH ST N,-83.003876,K629,0,0,2018056,,0,5561866921,72
10,,meter,2017263,$0.00,$0.00,3319293,$25.00,0,2013201,1012,0,39.99994,15TH AVE E,-83.006874,UE307,0,0,0,,0,5561973483,29
2,,meter,2017207,$0.00,$0.00,3307285,$25.00,0,2013219,1131,0,39.97449,POPLAR AVE W,-83.00404,K156,0,0,0,,0,5561964486,29
12,,meter,2017165,$85.00,$0.00,2788194,$45.00,1,2013248,1311,0,39.95373,FULTON ST E,-82.99726,EA18,0,0,0,,0,5562046250,72
14,,meter,2018088,$130.00,$0.00,3263762,$25.00,1,2013032,1313,0,39.963737,GAY ST E,-83.00045,EP8,0,2018087,0,,0,5561256086,29
6,,meter,2017347,$85.00,$0.00,3351807,$25.00,1,2013330,1401,0,39.99445,HIGH ST N,-83.00709,UW607,0,0,0,,0,5562415942,29
8,,meter,0,$0.00,$0.00,3278065,$25.00,0,2013052,1338,0,39.966072,SPRING ST W,-83.003815,WT110,0,0,0,,0,5561231170,29
15,,meter,2017277,$0.00,$0.00,3401322,$25.00,0,2013310,1445,0,39.964737,PEARL ST N,-83.00016,NL156,0,0,0,,0,5562303780,29
7,,meter,2017256,$0.00,$0.00,3163235,$25.00,0,2013162,1344,0,39.965603,PEARL ST N,-83.00033,NL212,0,0,0,,0,5561793104,29
15,,meter,2018073,$230.00,$0.00,3045419,$25.00,2,2013078,1322,0,39.952553,W LIVINGSTON,-82.99923,B5,0,0,0,,0,5561375720,29
18,,meter,2017298,$85.00,$0.00,3347999,$25.00,1,2013323,2132,2017032,39.95219,FRONT ST S,-83.00042,B510,0,0,2017032,,0,5562431600,29
16,,meter,2015252,$165.00,$0.00,3292701,$45.00,0,2013130,1050,0,39.953625,FULTON ST E,-82.99823,EA8,0,2015225,0,,0,5561672586,72
9,,meter,0,$0.00,$0.00,3203194,$45.00,0,2013354,1358,0,39.962776,MARCONI BLVD,-83.00423,NG4,0,0,0,,0,5562467274,72
9,,meter,2018015,$65.00,$0.00,3289540,$45.00,1,2013142,1134,0,39.952316,BREWERS ST E,-82.99813,B59,0,2018012,0,,0,5561537523,72
12,,meter,2017291,$0.00,$0.00,2562902,$25.00,0,2013275,1032,2017176,39.9714,MCCOY ST,-82.9909,EZ520,0,2016005,2017176,,0,5562138661,29
9,,meter,2015091,$0.00,$0.00,3299915,$25.00,0,2013109,941,0,39.95477,MOUND ST E,-82.99879,EC3,0,0,0,,0,5561501753,29
9,,meter,2013247,$60.00,$0.00,3324479,$25.00,0,2013225,1354,0,39.96342,BROAD ST E,-82.989105,EN533,0,0,0,,0,5561963731,29
14,,meter,2015182,$90.00,$0.00,3355296,$25.00,1,2013348,1459,2015310,39.96311,LAZELLE ST N,-82.99725,NN9,0,0,2015312,,0,5562461162,29
20,,meter,2018009,$280.00,$0.00,3292221,$45.00,0,2013077,1657,0,39.963993,GAY ST E,-82.99692,EP159,0,0,0,,0,5561460906,72
20,,meter,2018009,$280.00,$0.00,3292221,$45.00,0,2013112,1645,0,39.963715,GAY ST E,-83.00062,EP4,0,0,0,,0,5561547496,72
19,,meter,2016356,$85.00,$0.00,3030876,$25.00,3,2013005,2102,0,39.986282,GREENWOOD LOT,-83.00559,F33,0,0,0,,0,5561188551,29
7,,meter,2016356,$0.00,$0.00,3352071,$45.00,0,2013331,1040,0,39.951584,HIGH ST S,-82.998474,B614,0,0,0,,0,5562481215,72
20,,meter,2015065,$60.00,$0.00,3336254,$25.00,0,2013268,1835,0,40.003098,EIGHTEENTH AVE E,-83.00818,UE457,0,2015043,0,,0,5562194064,29
2,,meter,0,$0.00,$0.00,2729186,$45.00,0,2013211,1315,0,39.950527,FRONT ST S,-83.00009,B546,0,0,0,,0,5561846971,72
7,,meter,2017312,$0.00,$0.00,3173465,$25.00,0,2013215,1325,0,39.957943,RICH ST E,-82.99635,EG112,0,0,0,,0,5562016500,29
16,,meter,2014260,$0.00,$0.00,3315917,$45.00,0,2013189,921,0,39.95264,LIVINGSTON AVE W,-83.00019,B17,0,0,0,,0,5561865510,72
6,,meter,0,$0.00,$0.00,3278065,$25.00,0,2013051,1307,0,39.995335,11TH AVE W,-83.00765,UW100,0,0,0,,0,5561312495,29
16,,meter,2014083,$60.00,$0.00,3341465,$25.00,0,2013290,1116,0,39.97609,PEARL ST N,-83.00256,K1157,0,2014028,0,,0,5562238831,29
15,,meter,2015056,$150.00,$0.00,3303924,$45.00,2,2013127,1353,0,39.95329,FULTON ST W,-82.99994,WA39,0,0,0,,0,5561603205,72
17,,meter,2017249,"$1,170.00",$0.00,3325040,$25.00,9,2013227,2120,0,39.974228,HIGH ST N,-83.00285,K486,0,0,0,,0,5562042842,29
8,,meter,2013254,$0.00,$0.00,3309029,$25.00,0,2013205,930,2013183,39.955635,NOBLE ST E,-82.997574,ED115,0,0,2013204,,0,5561879650,29
19,,meter,0,$0.00,$0.00,2729186,$45.00,0,2013059,2101,0,39.97706,PARK ST,-83.00501,K452,0,0,0,,0,5561397593,72
9,,meter,2017256,$0.00,$0.00,3308633,$20.00,0,2013360,1142,0,39.961178,SPRUCE ST W,-82.998795,WBB3,0,0,0,,0,5562467856,20
16,,meter,2017347,$0.00,$0.00,2327558,$25.00,0,2013344,1341,0,39.95926,TOWN ST E,-82.99684,EI112,0,0,0,,0,5562407962,29
19,,meter,0,$0.00,$0.00,3316251,$45.00,0,2013186,2039,2017342,39.980225,HIGH ST N,-83.00428,K701,0,0,2017342,,0,5561940771,72
20,,meter,2017354,$60.00,$0.00,3341938,$25.00,0,2013291,2141,0,39.973736,GOODALE ST W,-83.0062,K36,0,2017353,0,,0,5562329046,29
13,,meter,0,$0.00,$0.00,2729186,$40.00,0,2013059,1826,0,39.97706,PARK ST,-83.00501,K452,0,0,0,,0,5561342525,26
19,,meter,0,$0.00,$0.00,3039166,$25.00,0,2013109,1629,2018022,39.969254,NATIONWIDE BLVD E,-82.99947,EX30,0,0,2018024,,0,5561607184,29
10,,meter,2013226,$510.00,$0.00,3308708,$45.00,6,2013206,1506,0,40.003098,EIGHTEENTH AVE E,-83.008255,UE453,0,0,0,,0,5561975631,72
13,,meter,2017256,$0.00,$0.00,3353244,$25.00,0,2013338,2021,0,39.997917,THIRTEENTH AVE E,-83.00699,UE222,0,0,0,,0,5562515574,29
14,,meter,2015042,$0.00,$0.00,3016326,$45.00,0,2013354,1503,0,39.96136,6TH ST S,-82.99241,SS109,0,0,0,,0,5562461965,72
8,,meter,2013254,$0.00,$0.00,3309029,$25.00,0,2013238,1420,2013183,39.953255,FULTON ST W,-83.00034,WA61,0,0,2013204,,0,5562025935,29
20,,meter,2017312,$235.00,$0.00,3335835,$45.00,2,2013267,1715,0,39.978764,HUBBARD AVE W,-83.00442,K232,0,0,0,,0,5562193493,72
12,,meter,2015189,$170.00,$0.00,3350315,$25.00,2,2013324,1158,0,39.96136,6TH ST S,-82.99241,SS109,0,0,0,,0,5562335442,29
2,,meter,2017137,$0.00,$0.00,3314087,$25.00,0,2013176,953,0,39.961906,SIXTH ST S,-82.99252,SS61,0,0,0,,0,5561750695,29
10,,meter,2017242,$230.00,$0.00,3183796,$25.00,3,2013207,1349,2012331,39.997784,THIRTEENTH AVE E,-83.00731,UE201,0,0,2012332,,0,5561996163,29
19,,meter,2017235,$0.00,$0.00,3114913,$25.00,0,2013260,1547,0,39.976593,BUTTLES LOT,-83.004005,V13,0,0,0,,0,5562187451,29
6,,meter,2017298,$0.00,$0.00,3227944,$25.00,0,2013186,1320,0,39.98969,HIGH ST N,-83.00611,K1109,0,0,0,,0,5561791553,29
12,,meter,2017011,$139.00,$0.00,3258737,$25.00,2,2013207,1416,0,39.981453,HIGH ST N,-83.00452,K761,0,0,0,,0,5561634941,29
17,,meter,2016279,$0.00,$0.00,3222771,$25.00,0,2013043,1955,2017302,39.95999,STATE ST W,-83.00097,WK11,0,0,2017302,,0,5561291171,29
12,,meter,2011208,$0.00,$0.00,3118624,$25.00,0,2013319,1135,0,39.97676,BUTTLES LOT,-83.00391,V23,0,0,0,,0,5562334683,29
7,,meter,2012340,$0.00,$0.00,3265772,$25.00,0,2013107,1131,0,39.955673,NOBLE ST E,-82.99725,ED123,0,0,0,,0,5561523814,29
13,,meter,0,$0.00,$0.00,3356765,$25.00,0,2013354,2044,0,39.97224,SPRUCE ST,-83.00376,WBB57,0,0,0,,0,5562575413,29
17,,meter,2017263,$310.00,$0.00,3325242,$25.00,2,2013228,2034,0,39.97368,GOODALE ST W,-83.005035,K6,0,0,0,,0,5562043564,29
8,,meter,2017319,$135.00,$0.00,3310481,$25.00,1,2013158,1504,2013191,39.96882,NATIONWIDE BLVD E,-82.99804,EX153,0,0,2013192,,0,5561714822,29
18,,meter,2013345,$75.00,$0.00,2815359,$25.00,0,2013327,1640,2008071,39.961178,STARLING ST S,-82.998795,C440,0,0,2008072,,0,5562478290,29
19,,meter,2017312,$0.00,$0.00,3335762,$25.00,0,2013267,1545,0,39.993484,NEIL AVE,-83.01438,UW901,0,0,0,,0,5561034492,29
8,,meter,2017312,$15.00,$0.00,3020909,$25.00,0,2013221,1431,0,39.953327,FULTON ST W,-82.99949,WA15,0,0,0,,0,5561955036,29
2,,meter,2015042,$65.00,$0.00,3320818,$25.00,1,2013324,1055,0,39.95536,PEARL ST S,-82.99835,SL554,0,0,0,,0,5562358041,29
17,,meter,2015238,$65.00,$0.00,3210727,$50.00,1,2013109,2025,0,39.97276,PARK ST,-83.00467,NI655,0,0,0,,0,5561571160,13
6,,meter,2017296,$150.00,$0.00,3332156,$25.00,0,2013253,1047,0,39.995243,NEIL AVE,-83.01453,UW972,0,0,0,,0,5562110845,29
14,,meter,2017284,$660.00,$0.00,2560845,$25.00,1,2013109,805,0,39.965714,FRONT ST N,-83.003006,NI254,0,0,0,,0,5561528283,29
18,,meter,2013361,$200.00,$0.00,3341855,$25.00,0,2013291,1755,0,39.952168,FRONT ST S,-83.000595,B513,0,2013323,0,,0,5562311255,29
15,,meter,2017340,$0.00,$0.00,3317268,$50.00,0,2013191,1305,0,39.954903,CIVIC CENTER DR,-83.00426,SE513,0,0,0,,0,5561921565,13
16,,meter,2015315,$230.00,$0.00,3305772,$25.00,3,2013135,922,0,39.953808,FULTON ST E,-82.99664,EA30,0,2013204,0,,0,5561673883,29
16,,meter,2017221,$0.00,$0.00,3317754,$25.00,0,2013193,1151,0,39.96501,LONG ST E,-82.99971,ER37,0,2014338,0,,0,5561866836,29
16,,meter,2014358,$135.00,$0.00,3356688,$25.00,1,2013354,1251,0,39.95329,FULTON ST W,-82.99991,WA37,0,0,0,,0,5562501961,29
17,,meter,2017214,$275.00,$0.00,2979214,$25.00,2,2013028,1538,0,39.972263,SPRUCE ST W,-83.00424,WBB75,0,0,0,,0,5561248445,29
19,,meter,2017296,$60.00,$0.00,3291266,$25.00,0,2013072,1925,0,39.975533,RUSSELL ST W,-83.00373,K206,0,0,0,,0,5561456953,29
15,,meter,2004239,$0.00,$0.00,2273047,$25.00,0,2013114,1040,2017326,39.963825,GAY ST E,-82.99964,EP32,0,0,2017326,,0,5561507246,29
15,,meter,2013086,$0.00,$0.00,3289122,$45.00,0,2013064,942,0,39.954773,MOUND ST E,-82.998726,EC5,0,0,0,,0,5561372710,72
8,,meter,2017256,$0.00,$0.00,3218448,$25.00,0,2013126,1422,0,39.955017,MOUND ST E,-82.99805,EC30,0,0,0,,0,5561612622,29
8,,meter,2017291,$0.00,$0.00,3311075,$25.00,0,2013162,1224,2017109,39.986416,HIGH ST N,-83.0055,K935,0,0,2017109,,0,5561715382,29
16,,meter,2014289,$80.00,$0.00,2295416,$25.00,0,2013031,1303,0,39.97561,PARK ST,-83.00473,K376,0,0,0,,0,5561106861,29
6,,meter,2017186,$0.00,$0.00,3205540,$25.00,0,2013081,1052,2017257,39.995396,HIGH ST N,-83.00702,UE630,0,0,2017257,,0,5561387325,29
19,,meter,2015063,$0.00,$0.00,2995632,$50.00,0,2013096,2025,2017175,39.97276,PARK ST,-83.00467,NI655,0,0,2017175,,0,5561561231,13
18,,meter,2017249,$0.00,$0.00,3206026,$25.00,0,2013281,2138,0,39.95067,FRONT ST S,-83.000305,B563,0,0,0,,0,5562259175,29
18,,meter,2017214,$165.00,$0.00,3317035,$45.00,1,2013360,1544,0,39.95836,MT CARMEL MALL,-83.02219,M510,0,0,0,,0,5562591336,72
18,,meter,0,$0.00,$0.00,3354263,$25.00,0,2013344,2131,2017235,39.950993,HOSTER ST W,-82.999596,B180,0,0,2017235,,0,5562523893,29
7,,meter,2017292,$210.00,$0.00,3157290,$25.00,3,2013318,1121,2015117,39.953323,FULTON ST W,-82.99952,WA17,0,0,2015118,,0,5562421284,29
18,,meter,2017228,$0.00,$0.00,3645624,$25.00,0,2013221,2116,0,39.961178,GAY ST E,-82.998795,EP201,0,0,0,,0,5562006420,29
16,,meter,2014085,$0.00,$0.00,3328741,$25.00,0,2013259,1030,2017251,39.975925,HIGH ST N,-83.00341,K547,0,0,2017251,,0,5562071726,29
18,,meter,0,$0.00,$0.00,3334379,$45.00,0,2013261,1805,0,39.97356,GOODALE ST W,-83.00536,K25,0,0,0,,0,5562135113,72
6,,meter,0,$0.00,$0.00,3308884,$25.00,0,2013151,1247,0,39.997917,THIRTEENTH AVE E,-83.00691,UE228,0,0,0,,0,5561725893,29
14,,meter,2013289,$160.00,$0.00,3005191,$45.00,0,2013271,1444,0,39.969257,NATIONWIDE BLVD E,-82.9996,EX26,0,2012143,0,,0,5562245046,72
17,,meter,2017361,$85.00,$0.00,3300376,$45.00,0,2013112,2132,0,39.994373,HIGH ST N,-83.006805,UE610,0,0,0,,0,5561571856,72
12,,meter,0,$0.00,$0.00,3331042,$25.00,0,2013288,1322,0,39.996696,TWELFTH AVE E,-83.00591,UE183,0,0,0,,0,5562224864,29
8,,meter,2017277,$0.00,$0.00,3401322,$25.00,0,2013275,1435,0,39.965435,PEARL ST N,-83.0003,NL206,0,0,0,,0,5562208462,29
20,,meter,2018010,$0.00,$0.00,3246391,$25.00,0,2013102,1941,0,39.963886,GAY ST E,-82.999084,EP46,0,0,0,,0,5561544453,29
20,,meter,2014036,$120.00,$0.00,3337061,$25.00,0,2013271,1634,0,39.97675,BUTTLES LOT,-83.00403,V27,0,0,0,,0,5562195851,29
19,,meter,2017312,$0.00,$0.00,3173465,$25.00,0,2013352,1723,0,39.995277,HIGH ST N,-83.00699,UE626,0,0,0,,0,5562600252,29
20,,meter,2018009,$280.00,$0.00,3292221,$25.00,0,2013077,1656,0,39.963993,GAY ST E,-82.99692,EP159,0,0,0,,0,5561460895,29
7,,meter,2016258,$210.00,$0.00,3107205,$50.00,1,2013088,850,0,39.95494,MOUND ST E,-82.99864,EC4,0,0,0,,0,5561469715,14
8,,meter,2018073,$230.00,$0.00,3045419,$500.00,2,2013203,1019,0,39.96323,FRONT ST N,-83.002754,NI27,0,0,0,,0,5561878994,49
11,,meter,2017319,$0.00,$0.00,3208653,$25.00,0,2013068,841,0,39.976864,LINCOLN ST E,-83.00296,K185,0,0,0,,0,5560691094,29
7,,meter,0,$0.00,$0.00,2739835,$45.00,0,2013305,1029,2007108,39.95354,FULTON ST E,-82.99774,EA25,0,0,2007109,,0,5562373710,72
17,,meter,2014085,$0.00,$0.00,3328741,$25.00,0,2013240,1821,2017251,39.97168,PARK ST,-83.00476,NI603,0,0,2017251,,0,5562113866,29
14,,meter,2017263,$170.00,$0.00,3065004,$45.00,1,2013268,929,0,39.953465,FULTON ST E,-82.99837,EA9,0,0,0,,0,5562244081,72
13,,meter,2017296,$150.00,$0.00,3332156,$25.00,0,2013305,2108,0,39.972237,SPRUCE ST W,-83.00362,WBB51,0,0,0,,0,5562170242,29
19,,meter,2017242,$230.00,$0.00,3183796,$25.00,3,2013269,1815,2012331,39.99672,12TH AVE E,-83.00636,UE171,0,0,2012332,,0,5562260881,29
19,,meter,2017249,$0.00,$0.00,3351974,$25.00,0,2013311,2112,0,39.981976,HIGH ST N,-83.00462,K769,0,0,0,,0,5562434691,29
8,,meter,2017256,$0.00,$0.00,3296216,$25.00,0,2013263,1422,0,39.96308,YOUNG ST N,-82.995476,NP1,0,0,0,,0,5562094045,29
7,,meter,2017256,$0.00,$0.00,3163235,$25.00,0,2013228,1502,0,39.971928,PARK ST,-83.00454,NI604,0,0,0,,0,5562048151,29
2,,meter,2017207,$400.00,$0.00,3299643,$25.00,4,2013122,1116,0,39.97104,GRANT AVE N,-82.99199,NT615,0,0,0,,0,5561573831,29
8,,meter,2017256,$0.00,$0.00,3163235,$25.00,0,2013137,1011,0,39.955124,MOUND ST E,-82.99571,EC117,0,0,0,,0,5561615610,29
5,,meter,2017319,$0.00,$0.00,3288667,$25.00,0,2013061,2013,0,39.963715,GAY ST E,-82.999374,EP43,0,0,0,,0,5561368834,29
16,,meter,2013289,$15.00,$0.00,3337641,$25.00,0,2013273,1321,0,39.96264,SIXTH ST S,-82.99265,SS7,0,0,0,,0,5562158950,29
9,,meter,2017270,$210.00,$0.00,3097892,$25.00,3,2013352,1104,0,39.955074,FRONT ST S,-83.00117,SI553,0,0,0,,0,5562466600,29
9,,meter,2017270,$210.00,$0.00,3097892,$25.00,3,2013217,1130,0,39.955696,FRONT ST S,-83.0013,SI503,0,0,0,,0,5561962154,29
12,,meter,2017249,$135.00,$0.00,3131414,$25.00,0,2013058,1129,0,39.958378,MT CARMEL MALL,-83.022026,M506,0,0,0,,0,5561222184,29
11,,meter,2017284,$90.00,$0.00,3283583,$25.00,1,2013040,846,0,39.97687,LINCOLN ST E,-83.00288,K187,0,2018061,0,,0,5560690453,29
17,,meter,2015098,$150.00,$0.00,3186483,$25.00,2,2013172,1716,0,39.972256,SPRUCE ST W,-83.004135,WBB71,0,0,0,,0,5561851112,29
9,,meter,2017249,$0.00,$0.00,3334327,$25.00,0,2013261,1024,2017263,39.955006,MOUND ST E,-82.99814,EC28,0,2013288,2017263,,0,5562090361,29
15,,meter,2015161,$255.00,$0.00,3239808,$45.00,3,2013270,942,0,39.952297,BREWERS ST E,-82.99828,B55,0,2015146,0,,0,5562154735,72
9,,meter,2014079,$280.00,$0.00,3319745,$25.00,0,2013290,1349,0,39.960915,STATE ST E,-82.99293,EK267,0,0,0,,0,5562276303,29
7,,meter,0,$15.00,$0.00,3215094,$25.00,0,2013065,1023,0,39.95476,MOUND ST E,-82.99888,EC1,0,0,0,,0,5561366782,29
20,,meter,2017284,$0.00,$0.00,2804009,$25.00,0,2013362,1628,2017308,39.98684,HIGH ST N,-83.00533,K946,0,2014149,2017308,,0,5562609676,29
20,,meter,2018108,$0.00,$0.00,3276171,$25.00,0,2013008,1940,0,39.976795,PARK ST,-83.005165,K415,0,0,0,,0,5561166954,29
20,,meter,2017235,$0.00,$0.00,3351296,$25.00,0,2013327,2045,0,39.983585,HIGH ST N,-83.00472,K756,0,0,0,,0,5562494423,29
18,,meter,2017214,$275.00,$0.00,2979214,$25.00,2,2013221,2131,0,39.9592,FRONT ST S,-83.00176,SI250,0,0,0,,0,5562006501,29
14,,meter,2018068,$250.00,$0.00,3010695,$45.00,1,2013047,1306,0,39.96891,NATIONWIDE BLVD E,-82.999,EX101,0,0,0,,0,5561258750,72
19,,meter,2016265,$130.00,$0.00,3314306,$45.00,1,2013254,2017,0,39.95078,FRONT ST S,-83.00033,B559,0,0,0,,0,5562184625,72
5,,meter,2014309,$240.00,$0.00,3312691,$25.00,0,2013150,2152,0,39.95264,LIVINGSTON AVE W,-83.00019,B17,0,0,0,,0,5561687312,29
17,,meter,2018017,$0.00,$0.00,3248076,$25.00,0,2013178,2123,0,39.972347,SPRUCE ST W,-83.00348,WBB50,0,0,0,,0,5561890824,29
5,,meter,2014309,$240.00,$0.00,3312691,$25.00,0,2013221,2133,0,39.950993,HOSTER ST W,-82.999596,B180,0,0,0,,0,5561986890,29
19,,meter,2017263,$430.00,$0.00,3245810,$25.00,5,2013141,1857,2015110,39.986546,HIGH ST N,-83.00528,K936,0,0,2015111,,0,5561746904,29
10,,meter,2013226,$510.00,$0.00,3308708,$45.00,6,2013183,1302,0,40.003105,EIGHTEENTH AV E,-83.008354,UE449,0,0,0,,0,5561882741,72
14,,meter,2015182,$90.00,$0.00,3355296,$25.00,1,2013348,1309,2015310,39.96311,LAZELLE ST N,-82.99725,NN9,0,0,2015312,,0,5562460985,29
7,,meter,0,$0.00,$0.00,3278065,$25.00,0,2013016,1458,0,39.99527,11TH AVE W,-83.0083,UW111,0,0,0,,0,5561181396,29
2,,meter,2017256,$0.00,$0.00,3308633,$25.00,0,2013150,1314,0,39.962593,FRONT ST N,-83.00263,NI11,0,0,0,,0,5561667373,29
7,,meter,2013156,$60.00,$0.00,3306014,$25.00,0,2013136,1341,0,39.95886,RICH ST E,-82.98822,EG544,0,0,0,,0,5561689600,29
6,,meter,2017296,$150.00,$0.00,3332156,$25.00,0,2013253,1230,0,39.995,NEIL AVE,-83.01448,UW964,0,0,0,,0,5562110930,29
8,,meter,2017298,$0.00,$0.00,3586405,$25.00,0,2013170,1149,0,39.952576,LIVINGSTON AVE E,-82.99828,B29,0,0,0,,0,5561773283,29
7,,meter,2018088,$170.00,$0.00,3324919,$25.00,2,2013227,1149,0,39.9626,BROAD ST E,-82.99838,EN62,0,2018087,0,,0,5562019602,29
19,,meter,2017277,$315.00,$0.00,3314358,$25.00,4,2013177,1748,0,39.972355,SPRUCE ST W,-83.00373,WBB56,0,0,0,,0,5561885390,29
6,,meter,2018038,$0.00,$0.00,3243377,$25.00,0,2013043,1231,0,39.99503,HIGH ST N,-83.00694,UE618,0,0,0,,0,5561234574,29
8,,meter,2017011,$145.00,$0.00,3309343,$25.00,1,2013154,1141,0,39.96806,CHESTNUT ST,-82.99847,EV140,0,0,0,,0,5561713562,29
20,,meter,2017256,$0.00,$0.00,3276459,$25.00,0,2013009,1654,0,39.985554,HIGH ST N,-83.00508,K836,0,0,0,,0,5561167256,29
5,,meter,2016279,$0.00,$0.00,3222771,$25.00,0,2013051,2051,2017302,39.96383,WALL ST N,-83.00182,NJ106,0,0,2017302,,0,5561301925,29
16,,meter,2017284,$0.00,$0.00,3310916,$25.00,0,2013161,854,0,39.95959,TOWN ST E,-82.99238,EI327,0,0,0,,0,5561739521,29
19,,meter,2017305,$0.00,$0.00,3342528,$25.00,0,2013294,2121,0,39.9823,HIGH ST N,-83.00443,K716,0,0,0,,0,5562201856,29
20,,meter,2017284,$0.00,$0.00,2804009,$45.00,0,2013362,1629,2017308,39.98684,HIGH ST N,-83.00533,K946,0,2014149,2017308,,0,5562609680,72
7,,meter,2017284,$90.00,$0.00,3283583,$45.00,1,2013079,1155,0,39.952316,BREWERS ST E,-82.99813,B59,0,2018061,0,,0,5561403171,72
2,,meter,2013226,$0.00,$0.00,3320964,$25.00,0,2013210,927,0,39.95199,HIGH ST S,-82.99854,B606,0,0,0,,0,5561846470,29
19,,meter,2017298,$0.00,$0.00,3271847,$25.00,0,2013044,1745,0,39.977894,HIGH ST N,-83.00379,K619,0,0,0,,0,5561331900,29
19,,meter,2017361,$0.00,$0.00,3385832,$25.00,0,2013085,1551,0,39.97693,LINCOLN ST E,-83.00323,K120,0,0,0,,0,5560914906,29
6,,meter,0,$0.00,$0.00,2764151,$25.00,0,2013134,1051,0,39.995193,NEIL AVE,-83.01452,UW970,0,0,0,,0,5561649501,29
7,,meter,2017298,$0.00,$0.00,3271847,$25.00,0,2013144,811,0,39.97559,RUSSELL ST E,-83.00269,K175,0,0,0,,0,5561691556,29
20,,meter,2017270,$65.00,$0.00,3340706,$25.00,1,2013285,1855,0,39.97362,GOODALE ST W,-83.00678,K105,0,0,0,,0,5562294584,29
7,,meter,2017284,$0.00,$0.00,2804009,$25.00,0,2013250,1316,2017308,39.959675,TOWN ST E,-82.99166,EI401,0,2014149,2017308,,0,5562107113,29
15,,meter,2017017,$60.00,$0.00,3095289,$25.00,0,2013007,813,2012223,39.962536,BROAD ST E,-82.99891,EN24,0,0,2012224,,0,5561120990,29
14,,meter,2014043,$240.00,$0.00,3292209,$25.00,0,2013082,854,0,39.963825,GAY ST E,-82.99964,EP32,0,0,0,,0,5561327836,29
13,,meter,2016188,$0.00,$0.00,3351224,$45.00,0,2013327,2137,0,39.97498,PARK ST,-83.00481,K335,0,0,0,,0,5562475696,72
5,,meter,2013288,$0.00,$0.00,3304770,$25.00,0,2013177,2016,0,39.963623,GAY ST E,-83.000175,EP11,0,2013176,0,,0,5561834861,29
19,,meter,2014189,$220.00,$0.00,3306001,$45.00,0,2013343,1631,0,39.994137,TENTH AVE W,-83.00729,UW52,0,0,0,,0,5562541290,72
17,,meter,0,$0.00,$0.00,3317531,$45.00,0,2013192,2130,0,39.97827,HIGH ST N,-83.00389,K631,0,0,0,,0,5561930761,72
19,,meter,2015203,$0.00,$0.00,3301014,$45.00,0,2013114,1658,0,39.99445,HIGH ST N,-83.00709,UW607,0,0,0,,0,5561627005,72
20,,meter,2017340,$30.00,$0.00,3301896,$25.00,0,2013295,1905,0,39.995537,ELEVENTH AVE W,-83.01282,UW228,0,0,0,,0,5562330402,29
10,,meter,0,$0.00,$0.00,3315531,$25.00,0,2013180,1004,0,40.00484,FRAMBES AVE,-83.00757,UE571,0,0,0,,0,5561882015,29
20,,meter,2016314,$0.00,$0.00,3351826,$25.00,0,2013330,1629,0,39.98166,HIGH ST N,-83.00431,K702,0,0,0,,0,5562494865,29
5,,meter,2017256,$0.00,$0.00,3300134,$45.00,0,2013110,1959,0,39.965965,WALL ST N,-83.002235,NJ252,0,0,0,,0,5561566094,72
2,,meter,0,$0.00,$0.00,3336191,$25.00,0,2013266,809,2016103,39.96387,GAY ST E,-82.999245,EP42,0,0,2016103,,0,5562160276,29
14,,meter,2016244,$450.00,$0.00,3338157,$45.00,0,2013306,1442,0,39.9639,GAY ST E,-82.99901,EP48,0,0,0,,0,5562251221,72
19,,meter,0,$0.00,$0.00,3295139,$45.00,0,2013089,1948,0,39.972378,SPRUCE ST,-83.00413,WBB74,0,0,0,,0,5561393426,72
18,,meter,2017319,$0.00,$0.00,3346533,$25.00,0,2013344,2149,0,39.962555,BROAD ST E,-82.99874,EN28,0,0,0,,0,5562523963,29
7,,meter,2014218,$0.00,$0.00,3323909,$45.00,0,2013222,1341,0,39.96278,BROAD ST E,-82.99473,EN261,0,0,0,,0,5562018530,72
5,,meter,2013268,$140.00,$0.00,3249379,$45.00,0,2013247,1856,0,39.96928,MT VERNON AVE,-82.99245,EY409,0,0,0,,0,5562039795,72
15,,meter,2013086,$0.00,$0.00,3289122,$25.00,0,2013064,1008,0,39.954773,MOUND ST E,-82.998726,EC5,0,0,0,,0,5561372791,29
5,,meter,2015063,$145.00,$0.00,3275585,$25.00,1,2013005,2119,0,39.964405,GAY ST E,-82.995926,EP204,0,0,0,,0,5561083363,29
8,,meter,2017277,$315.00,$0.00,3314358,$25.00,4,2013196,1209,0,39.9536,FULTON ST E,-82.99728,EA37,0,0,0,,0,5561877771,29
6,,meter,2016083,$0.00,$0.00,3218331,$25.00,0,2013133,1028,0,39.998825,FOURTEENTH AVE E,-83.00745,UE255,0,0,0,,0,5561649114,29
19,,meter,2017319,$170.00,$0.00,3664729,$25.00,2,2013319,1647,0,40.002083,17TH AVE E,-83.00669,UE418,0,0,0,,0,5562469116,29
20,,meter,2013079,$0.00,$0.00,3287499,$25.00,0,2013058,1715,2017248,39.96361,GAY ST E,-83.00026,EP9,0,0,2017250,,0,5561359686,29
17,,meter,2018066,$90.00,$0.00,3252650,$25.00,0,2013017,1946,0,39.965965,WALL ST N,-83.002235,NJ252,0,0,0,,0,5561173895,29
17,,meter,2017291,$0.00,$0.00,3311075,$25.00,0,2013247,2055,2017109,39.96398,YOUNG ST N,-82.99564,NP63,0,0,2017109,,0,5562124425,29
20,,meter,2017060,$0.00,$0.00,3081639,$25.00,0,2013330,2021,2017319,39.976784,BUTTLES LOT,-83.003815,V34,0,0,2017319,,0,5562495064,29
9,,meter,2015042,$65.00,$0.00,3320818,$25.00,1,2013323,1138,0,39.955116,PEARL ST S,-82.99831,SL562,0,0,0,,0,5562369985,29
10,,meter,2017298,$0.00,$0.00,3227944,$45.00,0,2013271,820,0,39.98953,HIGH ST N,-83.00608,K1107,0,0,0,,0,5562219312,72
19,,meter,2017319,$130.00,$0.00,3103842,$45.00,1,2013288,1825,0,39.97266,PARK ST,-83.00448,NI654,0,0,0,,0,5562320985,72
10,,meter,2017006,$423.00,$0.00,3254335,$25.00,0,2013037,829,0,39.997845,THIRTEENTH AVE E,-83.006065,UE248,0,0,0,,0,5561262843,29
19,,meter,2017270,$0.00,$0.00,3253492,$45.00,0,2013047,2013,0,39.974743,PARK ST,-83.00463,K326,0,0,0,,0,5561363481,72
16,,meter,2017277,$55.00,$0.00,2750317,$25.00,0,2013204,832,0,39.96261,BROAD ST E,-82.998314,EN64,0,0,0,,0,5561936965,29
14,,meter,2018066,$45.00,$0.00,3306518,$25.00,0,2013138,958,2017326,39.963886,GAY ST E,-82.99792,EP103,0,0,2017326,,0,5561646465,29
17,,meter,2013156,$20.00,$0.00,3167190,$25.00,1,2013140,2142,0,39.980087,HIGH ST N,-83.00401,K696,0,0,0,,0,5561711112,29
19,,meter,2015063,$60.00,$0.00,3322882,$25.00,0,2013219,2154,0,39.97206,PARK ST,-83.00452,NI608,0,2014359,0,,0,5561943092,29
17,,meter,2017263,$310.00,$0.00,3325242,$45.00,2,2013228,2035,0,39.97368,GOODALE ST W,-83.005035,K6,0,0,0,,0,5562043575,72
14,,meter,2016363,$65.00,$0.00,3188245,$25.00,1,2013008,1041,2015346,39.97026,GRANT AVE N,-82.99205,NT535,0,0,2015346,,0,5561062481,29
143,,meter,2017242,$0.00,$0.00,3271397,$25.00,0,2013046,2145,2016196,39.975166,PARK ST S/O RUSSELL ST,-83.004845,K341,0,0,2016196,,0,5595106126,29
14,,meter,2014043,$240.00,$0.00,3292209,$25.00,0,2013079,842,0,39.969254,NATIONWIDE BLVD E,-82.999535,EX28,0,0,0,,0,5561327140,29
7,,meter,2014127,$140.00,$0.00,3347473,$25.00,0,2013313,1402,0,39.96244,YOUNG ST S,-82.99526,SP8,0,2014086,0,,0,5562420293,29
18,,meter,2017270,$0.00,$0.00,3335358,$25.00,0,2013264,2112,0,39.968433,NATIONWIDE BL W,-83.005974,WX155,0,0,0,,0,5562197240,29
19,,meter,2014079,$280.00,$0.00,3319745,$45.00,0,2013253,1555,0,39.963074,HIGH ST N,-83.00069,NK54,0,0,0,,0,5562119470,72
6,,meter,2014260,$0.00,$0.00,3315917,$25.00,0,2013183,1208,0,39.995472,HIGH ST N,-83.00704,UE632,0,0,0,,0,5561790934,29
19,,meter,2013275,$75.00,$0.00,3333562,$40.00,0,2013257,2029,0,39.976597,PARK ST,-83.00493,K420,0,0,0,,0,5561029345,26
16,,meter,2018068,$250.00,$0.00,3010695,$45.00,1,2013270,1348,0,39.97803,WARREN ST,-83.00311,K136,0,0,0,,0,5562158692,72
19,,meter,2018010,$0.00,$0.00,3246391,$25.00,0,2013262,2042,0,39.972805,SWAN ST W,-83.00432,WCC59,0,0,0,,0,5561031670,29
16,,meter,2013184,$60.00,$0.00,3311985,$25.00,0,2013165,1234,0,39.963272,YOUNG ST N,-82.995514,NP7,0,0,0,,0,5561777365,29
7,,meter,2014043,$240.00,$0.00,3292209,$25.00,0,2013351,856,0,39.959988,3RD ST S,-82.99738,SM208,0,0,0,,0,5562530333,29
9,,meter,2014008,$60.00,$0.00,3356138,$25.00,0,2013352,1501,0,39.95325,FULTON ST W,-83.00038,WA63,0,0,0,,0,5562466821,29
17,,meter,2017165,$85.00,$0.00,2788194,$25.00,1,2013248,1541,0,39.95373,FULTON ST E,-82.99726,EA18,0,0,0,,0,5562124613,29
14,,meter,2013093,$80.00,$0.00,3291236,$45.00,0,2013072,1212,0,39.95331,FULTON ST W,-82.999664,WA25,0,0,0,,0,5561325946,72
8,,meter,2017277,$0.00,$0.00,3227249,$25.00,0,2013303,1049,0,39.955116,MOUND ST E,-82.99718,EC54,0,0,0,,0,5562305412,29
8,,meter,2015161,$85.00,$0.00,3168956,$25.00,2,2013274,1421,2012160,39.96403,WALL ST N,-83.00186,NJ110,0,0,2012161,,0,5562208031,29
17,,meter,2015238,$65.00,$0.00,3210727,$45.00,1,2013109,2027,0,39.97276,PARK ST,-83.00467,NI655,0,0,0,,0,5561571171,72
20,,meter,2014099,$0.00,$0.00,3353185,$40.00,0,2013338,2152,0,39.97677,PARK ST,-83.00495,K432,0,0,0,,0,5562524954,26
6,,meter,2014189,$220.00,$0.00,3306001,$25.00,0,2013141,1250,0,39.995075,HIGH ST N,-83.00722,UW615,0,0,0,,0,5561651391,29
2,,meter,2017270,$0.00,$0.00,3283936,$25.00,0,2013116,850,0,39.96373,GAY ST E,-83.000534,EP6,0,0,0,,0,5561572195,29
19,,meter,2017319,$170.00,$0.00,3664729,$45.00,2,2013319,1648,0,40.002083,17TH AVE E,-83.00669,UE418,0,0,0,,0,5562469120,72
20,,meter,2017249,"$1,170.00",$0.00,3325040,$25.00,9,2013271,2102,0,39.97236,SPRUCE ST W,-83.00381,WBB58,0,0,0,,0,5562252341,29
7,,meter,2017256,$0.00,$0.00,3308633,$25.00,0,2013241,1050,0,39.962643,FRONT ST N,-83.00264,NI13,0,0,0,,0,5562052001,29
16,,meter,2018073,$340.00,$0.00,3346143,$25.00,3,2013308,1258,0,39.953686,FULTON ST E,-82.997696,EA12,0,0,0,,0,5562318126,29
16,,meter,2014260,$0.00,$0.00,3315917,$25.00,0,2013212,1241,0,39.952568,LIVINGSTON AVE W,-82.99939,B9,0,0,0,,0,5561938542,29
20,,meter,2017340,$0.00,$0.00,3101857,$25.00,0,2013351,2028,0,39.97225,SPRUCE ST,-83.00405,WBB67,0,0,0,,0,5562556583,29
6,,meter,2017221,$0.00,$0.00,3277666,$25.00,0,2013015,1104,0,39.995087,HIGH ST N,-83.00696,UE620,0,0,0,,0,5561157305,29
14,,meter,2017354,$0.00,$0.00,3292808,$25.00,0,2013079,1021,2017350,39.96891,NATIONWIDE BLVD E,-82.999,EX101,0,0,2017357,,0,5561327173,29
12,,meter,2016258,$0.00,$0.00,3322380,$25.00,0,2013217,959,0,40.004993,FRAMBES AVE,-83.00865,UE532,0,0,0,,0,5561636271,29
15,,meter,2017305,$350.00,$0.00,3334072,$25.00,5,2013260,1117,0,39.955917,MAIN ST W,-83.00076,WE59,0,2014231,0,,0,5562152020,29
14,,meter,2017298,$0.00,$0.00,3271847,$25.00,0,2013206,1449,0,39.963623,GAY ST E,-83.000175,EP11,0,0,0,,0,5561910144,29
15,,meter,2015084,$600.00,$0.00,3342017,$25.00,1,2013291,941,0,39.953712,FULTON ST E,-82.9974,EA14,0,2015071,0,,0,5562300066,29
19,,meter,2014099,$0.00,$0.00,3353185,$45.00,0,2013346,1628,0,39.97908,HUBBARD AVE E,-83.00261,K257,0,0,0,,0,5562576382,72
18,,meter,2017172,$0.00,$0.00,3329410,$50.00,0,2013242,1617,0,39.953575,FULTON ST E,-82.99744,EA33,0,0,0,,0,5562085671,14
6,,meter,2018085,$85.00,$0.00,3274304,$45.00,1,2013030,1056,0,39.995537,ELEVENTH AVE W,-83.01273,UW226,0,2018083,0,,0,5561159652,72
20,,meter,2018009,$280.00,$0.00,3292221,$25.00,0,2013112,1644,0,39.963715,GAY ST E,-83.00062,EP4,0,0,0,,0,5561547485,29
14,,meter,2012298,$0.00,$0.00,3114156,$25.00,0,2013099,1056,0,39.961437,OAK ST E,-82.99528,EL211,0,0,0,,0,5561434354,29
20,,meter,0,$0.00,$0.00,3347207,$25.00,0,2013312,1824,2017259,39.9953,11TH AVE W,-83.0092,UW133,0,0,2017259,,0,5562410423,29
6,,meter,2017186,$0.00,$0.00,3205540,$25.00,0,2013168,917,2017257,39.995087,HIGH ST N,-83.00696,UE620,0,0,2017257,,0,5561788985,29
12,,meter,0,$0.00,$0.00,3347156,$25.00,0,2013346,1220,0,39.963623,GAY ST E,-83.000175,EP11,0,0,0,,0,5562438386,29
15,,meter,2014043,$240.00,$0.00,3292209,$25.00,0,2013077,829,0,39.960175,3RD ST S,-82.99741,SM202,0,0,0,,0,5561375193,29
18,,meter,2018064,$200.00,$0.00,3033066,$50.00,2,2013262,2240,0,39.972797,SWAN ST W,-83.004074,WCC53,0,2018061,0,,0,5562196120,13
19,,meter,2017298,$0.00,$0.00,3165960,$25.00,0,2013061,2107,0,39.98354,HIGH ST N,-83.004715,K754,0,0,0,,0,5561413170,29
12,,meter,0,$0.00,$0.00,3117462,$25.00,0,2013239,804,0,39.967796,MARCONI BLVD,-83.0052,NG370,0,0,0,,0,5562044404,29
2,,meter,2013149,$160.00,$0.00,2910556,$45.00,0,2013128,929,0,39.95333,FULTON ST W,-82.99946,WA13,0,0,0,,0,5561575032,72
7,,meter,2017263,$65.00,$0.00,3344191,$25.00,1,2013299,1036,0,39.960167,TOWN ST E,-82.98754,EI537,0,0,0,,0,5562315842,29
19,,meter,2017228,$0.00,$0.00,3340889,$25.00,0,2013288,1701,2017284,39.98684,HIGH ST N,-83.00533,K946,0,2014261,2017284,,0,5562320860,29
2,,meter,2014079,$280.00,$0.00,3319745,$25.00,0,2013204,1439,0,39.965096,LONG ST E,-83.00055,ER10,0,0,0,,0,5561845453,29
7,,meter,2017123,$0.00,$0.00,2237827,$25.00,0,2013362,1455,0,39.960087,TOWN ST E,-82.98955,EI502,0,0,0,,0,5562582472,29
7,,meter,2016069,$0.00,$0.00,3329792,$25.00,0,2013243,810,0,39.958065,LUDLOW ST S,-83.0025,SH308,0,0,0,,0,5562104232,29
17,,meter,2017165,$85.00,$0.00,2788194,$45.00,1,2013248,1542,0,39.95373,FULTON ST E,-82.99726,EA18,0,0,0,,0,5562124624,72
12,,meter,2017284,$0.00,$0.00,3391897,$25.00,0,2013304,1404,2016255,39.961178,VINE ST,-82.998795,WAA53,0,0,2016255,,0,5562227642,29
17,,meter,0,$0.00,$0.00,3313029,$50.00,0,2013171,1842,0,39.976852,LINCOLN ST E,-83.00304,K183,0,0,0,,0,5561850272,13
7,,meter,0,$0.00,$0.00,3324412,$25.00,0,2013358,918,0,39.961178,GAY ST E,-82.998795,EP247,0,0,0,,0,5562580523,29
12,,meter,2017277,$55.00,$0.00,2750317,$25.00,0,2013303,1259,0,39.96261,BROAD ST E,-82.998314,EN64,0,0,0,,0,5562227421,29
7,,meter,0,$0.00,$0.00,3315906,$25.00,0,2013183,1350,2017252,39.96564,JEFFERSON AVE,-82.98499,NZ99,0,0,2017252,,0,5561854612,29
19,,meter,2017277,$235.00,$0.00,3212700,$25.00,2,2013066,2137,0,39.963703,GAY ST E,-82.99947,EP37,0,2014205,0,,0,5561444320,29
16,,meter,2017270,$0.00,$0.00,3351561,$25.00,0,2013329,1012,0,39.963154,BROAD ST E,-82.99351,EN284,0,0,0,,0,5562405954,29
19,,meter,0,$0.00,$0.00,3307106,$25.00,0,2013141,2039,0,39.9766,BUTTLES LOT,-83.00394,V11,0,0,0,,0,5561747335,29
12,,meter,2017017,$60.00,$0.00,3095289,$25.00,0,2013107,919,2012223,39.9626,BROAD ST E,-82.99838,EN62,0,0,2012224,,0,5560839446,29
7,,meter,2018078,$170.00,$0.00,3291814,$45.00,2,2013074,1004,0,39.952038,HIGH ST S,-82.99856,B604,0,2018075,0,,0,5561401502,72
6,,meter,2017102,$0.00,$0.00,3326243,$25.00,0,2013232,839,0,39.999817,15TH AVE E,-83.00436,UE355,0,0,0,,0,5562033101,29
16,,meter,2017277,$315.00,$0.00,3314358,$45.00,4,2013248,1108,0,39.96206,BROAD ST W,-83.00111,WN7,0,0,0,,0,5562069372,72
19,,meter,2018038,$115.00,$0.00,3286524,$45.00,0,2013053,1827,0,40.00724,NORWICH AVE E,-83.009125,UE585,0,0,0,,0,5561376302,72
17,,meter,2017032,$0.00,$0.00,3310236,$25.00,0,2013157,1810,0,39.97568,RUSSELL ST E,-83.002625,K114,0,0,0,,0,5561755794,29
17,,meter,2017326,$0.00,$0.00,3281662,$25.00,0,2013037,2151,0,39.98684,HIGH ST N,-83.00533,K946,0,2014084,0,,0,5561288931,29
7,,meter,2017333,$0.00,$0.00,3242795,$25.00,8,2013304,807,0,39.955486,PEARL ST S,-82.998375,SL550,0,2014322,0,,0,5562373091,29
20,,meter,2016302,$0.00,$0.00,2168907,$45.00,0,2013338,2126,0,39.97268,HIGH ST N,-83.00276,NK659,0,0,0,,0,5562524873,72
19,,meter,2016027,$210.00,$0.00,3298002,$25.00,2,2013101,2023,0,39.974968,HIGH ST N,-83.003,K502,0,0,0,,0,5561588785,29
13,,meter,2017326,$0.00,$0.00,3281662,$45.00,0,2013305,1710,0,39.980305,PEARL ST N,-83.00368,K1455,0,2014084,0,,0,5562169892,72
17,,meter,2015154,$150.00,$0.00,3285976,$45.00,2,2013128,1629,2014100,39.977917,WARREN ST,-83.003265,K195,0,0,2014106,,0,5561662090,72
7,,meter,2014127,$140.00,$0.00,3347473,$45.00,0,2013313,1300,0,39.96244,YOUNG ST S,-82.99526,SP8,0,2014086,0,,0,5562420190,72
8,,meter,2017319,$235.00,$0.00,3354034,$25.00,3,2013357,907,0,39.97516,PEARL STREET LOT,-83.00203,P9,0,0,0,,0,5562498494,29
17,,meter,2013149,$160.00,$0.00,3303962,$45.00,0,2013128,2129,0,39.979088,HUBBARD AVE E,-83.002525,K259,0,0,0,,0,5561662436,72
9,,meter,2013100,$120.00,$0.00,3261089,$25.00,0,2013078,1131,0,39.960865,STATE ST E,-82.99463,EK252,0,0,0,,0,5561404210,29
8,,meter,2017130,$180.00,$0.00,3356172,$45.00,6,2013352,1032,0,39.965206,FRONT ST N,-83.00292,NI208,0,0,0,,0,5562497503,72
13,,meter,2017067,$0.00,$0.00,3071881,$25.00,0,2013311,2054,2017304,40.00078,16TH AVE E,-83.00771,UE379,0,0,2017304,,0,5562171852,29
17,,meter,2011208,$0.00,$0.00,3118624,$25.00,0,2013003,1607,0,39.952312,FRONT ST S,-83.00044,B506,0,0,0,,0,5561129165,29
14,,meter,2016244,$450.00,$0.00,3338157,$45.00,0,2013292,1504,0,39.9639,GAY ST E,-82.99901,EP48,0,0,0,,0,5562248830,72
8,,meter,2017214,$0.00,$0.00,3346200,$25.00,0,2013308,1238,2017320,39.974342,HIGH ST N,-83.00288,K490,0,0,2017320,,0,5562306075,29
19,,meter,2017291,$0.00,$0.00,3273504,$25.00,0,2013317,2131,0,39.998795,FOURTEENTH AVE E,-83.00639,UE297,0,0,0,,0,5562447884,29
10,,meter,2017060,$0.00,$0.00,3081639,$25.00,0,2013149,859,2017319,39.996857,12TH AVE E,-83.00701,UE154,0,0,2017319,,0,5561442393,29
19,,meter,2017291,$0.00,$0.00,3273504,$25.00,0,2013218,1854,0,39.97357,GOODALE ST W,-83.005615,K39,0,0,0,,0,5561941482,29
19,,meter,2016244,$450.00,$0.00,3338157,$45.00,0,2013275,1610,0,39.9765,HIGH ST N,-83.003296,K574,0,0,0,,0,5562281155,72
14,,meter,2013190,$240.00,$0.00,3220221,$45.00,0,2013024,1100,0,39.97184,PARK ST,-83.00475,NI609,0,2013050,0,,0,5561170023,72
19,,meter,2017312,$0.00,$0.00,3336116,$25.00,0,2013268,1936,0,39.971733,PARK ST,-83.00476,NI605,0,0,0,,0,5561035855,29
5284,,meter,2017263,$0.00,$0.00,3349514,$50.00,0,2013313,2346,0,39.9719,487 PARK ST,-83.004745,NI611,0,0,0,,0,5595227436,13
20,,meter,2013156,$20.00,$0.00,3167190,$25.00,1,2013063,2109,0,39.975464,HIGH ST N,-83.003105,K518,0,0,0,,0,5561390081,29
7,,meter,2017123,$0.00,$0.00,2237827,$45.00,0,2013362,1455,0,39.960087,TOWN ST E,-82.98955,EI502,0,0,0,,0,5562582483,72
20,,meter,2018080,$65.00,$0.00,3299394,$25.00,0,2013107,2121,0,40.008377,NORTHWOOD AVE E,-83.00924,UE596,0,0,0,,0,5561546096,29
7,,meter,2014218,$0.00,$0.00,3323909,$25.00,0,2013222,1341,0,39.96278,BROAD ST E,-82.99473,EN261,0,0,0,,0,5562018526,29
7,,meter,0,$0.00,$0.00,3148769,$25.00,0,2013038,1307,0,39.98251,2ND STREET LOT,-83.00515,S31,0,0,0,,0,5561255106,29
8,,meter,2018094,$0.00,$0.00,3335988,$25.00,0,2013064,902,0,39.951775,BLENKNER ST E,-82.9981,B106,0,0,0,,0,5561332810,29
2,,meter,2016293,$170.00,$0.00,3332566,$25.00,2,2013253,1207,0,39.97477,4TH ST N,-82.998085,NO510,0,2018060,0,,0,5562062335,29
19,,meter,0,$0.00,$0.00,3311365,$25.00,0,2013163,1934,0,39.977894,HIGH ST N,-83.00379,K619,0,0,0,,0,5561830075,29
17,,meter,2017263,$230.00,$0.00,3281520,$45.00,3,2013218,1959,0,39.97868,HUBBARD AVE W,-83.004295,K235,0,0,0,,0,5562014444,72
15,,meter,2017319,$0.00,$0.00,3293703,$25.00,0,2013084,1026,0,39.96219,3RD ST S,-82.99781,SM4,0,0,0,,0,5561436620,29
19,,meter,2017312,$0.00,$0.00,3278508,$25.00,0,2013017,2011,2017224,39.986183,GREENWOOD LOT,-83.00621,F58,0,0,2017224,,0,5561244724,29
20,,meter,2016258,$150.00,$0.00,3236432,$50.00,0,2013032,2221,0,39.9655,PEARL ST N,-83.000305,NL208,0,0,0,,0,5561272890,13
14,,meter,2017263,$230.00,$0.00,3281520,$45.00,3,2013031,1020,0,39.954536,MOUND ST W,-83.00221,WC128,0,0,0,,0,5561171600,72
19,,meter,2014001,$60.00,$0.00,3131269,$25.00,0,2013100,2121,0,39.979134,HUBBARD AVE E,-83.00216,K269,0,0,0,,0,5561563843,29
16,,meter,2014351,$120.00,$0.00,3357294,$25.00,1,2013357,1133,0,39.954994,MOUND ST E,-82.9982,EC26,0,0,0,,0,5562502274,29
17,,meter,2017270,$0.00,$0.00,3245450,$25.00,0,2013165,2153,0,39.976955,LINCOLN ST E,-83.002975,K126,0,0,0,,0,5561787876,29
7,,meter,2017284,$90.00,$0.00,3283583,$25.00,1,2013079,1154,0,39.952316,BREWERS ST E,-82.99813,B59,0,2018061,0,,0,5561403160,29
5,,meter,2017319,$0.00,$0.00,3346533,$25.00,0,2013338,2109,0,39.962555,BROAD ST E,-82.99874,EN28,0,0,0,,0,5562488090,29
18,,meter,2015322,$60.00,$0.00,3351771,$25.00,0,2013330,2122,0,39.95117,FRONT ST S,-83.000206,B532,0,2015106,0,,0,5562479734,29
8,,meter,2013163,$0.00,$0.00,3307530,$25.00,0,2013143,1307,0,39.96852,NATIONWIDE BL W,-83.00523,WX123,0,0,0,,0,5561713282,29
10,,meter,2017277,$0.00,$0.00,3320445,$25.00,0,2013207,1143,0,39.998795,FOURTEENTH AVE E,-83.00639,UE297,0,0,0,,0,5561996012,29
19,,meter,2017305,$0.00,$0.00,3235456,$25.00,0,2013172,1615,0,39.984184,HIGH ST N,-83.0048,K822,0,0,0,,0,5561884060,29
9,,meter,2017354,$0.00,$0.00,3309398,$25.00,0,2013154,813,0,39.96403,GAY ST E,-82.99776,EP106,0,0,0,,0,5561808040,29
10,,meter,2016244,$450.00,$0.00,3338157,$45.00,0,2013309,821,0,39.996857,12TH AVE E,-83.00701,UE154,0,0,0,,0,5562327101,72
20,,meter,2017340,$0.00,$0.00,3138633,$25.00,0,2013337,1541,0,39.97438,POPLAR AVE W,-83.00417,K163,0,0,0,,0,5562495646,29
6,,meter,2014064,$60.00,$0.00,2996126,$25.00,0,2013037,1235,0,40.006496,TUTTLE PARK,-83.01689,UW983,0,2010062,0,,0,5561233056,29
9,,meter,2017319,$235.00,$0.00,3354034,$25.00,3,2013343,827,0,39.97508,PEARL STREET LOT,-83.002014,P6,0,0,0,,0,5562464220,29
7,,meter,2017305,$0.00,$0.00,3305688,$25.00,0,2013116,834,0,39.993668,NEIL AVE,-83.01443,UW907,0,0,0,,0,5561586582,29
16,,meter,2015084,$125.00,$0.00,3356220,$25.00,1,2013352,1453,0,39.960915,STATE ST E,-82.99293,EK267,0,0,0,,0,5562501493,29
7,,meter,2017284,$0.00,$0.00,2715249,$50.00,0,2013275,1232,0,39.96394,PEARL ST N,-83.0001,NL103,0,0,0,,0,5562214935,13
7,,meter,2017305,$240.00,$0.00,2647000,$25.00,1,2013089,1303,0,39.961056,STATE ST E,-82.99299,EK314,0,0,0,,0,5561470614,29
7,,meter,2018015,$65.00,$0.00,3289540,$45.00,1,2013065,1118,0,39.955696,FRONT ST S,-83.0013,SI503,0,2018012,0,,0,5561366852,72
7,,meter,2015014,$0.00,$0.00,3287846,$25.00,0,2013059,1207,2014023,39.960884,STATE ST E,-82.99322,EK261,0,0,2014024,,0,5561365172,29
19,,meter,2017256,$0.00,$0.00,3327684,$45.00,0,2013236,2154,0,39.973633,GOODALE ST W,-83.00707,K119,0,0,0,,0,5561824733,72
19,,meter,0,$0.00,$0.00,3278469,$45.00,0,2013017,2111,2017193,39.975468,RUSSELL ST W,-83.00428,K220,0,0,2017193,,0,5561244971,72
